,F1-Score,Precision,Recall,F1-score
0.1,0,0.34341506386727355,0.32823463373561607,0.3356532969792638
0.2,0,0.25029103608847497,0.5591677503250976,0.34579815038198636
0.3,0,0.12819228843264896,0.7975077881619937,0.22088006902502152
0.01,0,0.45206061464381814,0.2555576312348216,0.32652504518020936
0.001,0,0.44120161666407587,0.28375406148462884,0.3453804265157737
