,F1-Score,Precision,Recall,F1-score
0.1,0,0.3288024037773644,0.34812907135282534,0.33818984547461367
0.2,0,0.2296340023612751,0.5152317880794702,0.3176806859942834
0.3,0,0.11601642710472279,0.6627565982404692,0.19746614242027083
0.01,0,0.4752861952861953,0.26925913680408964,0.34376725005682374
0.001,0,0.47334555385133364,0.2986029168829943,0.3661963678460314
